run_type,search_version,results,time_ms
Go results, V1, [web-result-for:"Go is awesome" image-result-for:"Go is awesome" video-result-for:"Go is awesome"], 97 ms
Go results, V1, [web-result-for:"Go is awesome" image-result-for:"Go is awesome" video-result-for:"Go is awesome"], 189 ms
Go results, V1, [web-result-for:"Go is awesome" image-result-for:"Go is awesome" video-result-for:"Go is awesome"], 153 ms
Go results, V1, [web-result-for:"Go is awesome" image-result-for:"Go is awesome" video-result-for:"Go is awesome"], 110 ms
Go results, V1, [web-result-for:"Go is awesome" image-result-for:"Go is awesome" video-result-for:"Go is awesome"], 0 ms
Go results, V1, [web-result-for:"Go is awesome" image-result-for:"Go is awesome" video-result-for:"Go is awesome"], 0 ms
Go results, V1, [web-result-for:"Go is awesome" image-result-for:"Go is awesome" video-result-for:"Go is awesome"], 0 ms
Go results, V1, [web-result-for:"Go is awesome" image-result-for:"Go is awesome" video-result-for:"Go is awesome"], 0 ms
Go results, V1, [web-result-for:"Go is awesome" image-result-for:"Go is awesome" video-result-for:"Go is awesome"], 0 ms
Go results, V1, [web-result-for:"Go is awesome" image-result-for:"Go is awesome" video-result-for:"Go is awesome"], 0 ms
Go results, V1, [web-result-for:"Go is awesome" image-result-for:"Go is awesome" video-result-for:"Go is awesome"], 188 ms
Go results, V1, [web-result-for:"Go is awesome" image-result-for:"Go is awesome" video-result-for:"Go is awesome"], 140 ms
Go results, V1, [web-result-for:"Go is awesome" image-result-for:"Go is awesome" video-result-for:"Go is awesome"], 93 ms
Go results, V1, [web-result-for:"Go is awesome" image-result-for:"Go is awesome" video-result-for:"Go is awesome"], 0 ms
Go results, V1, [web-result-for:"Go is awesome" image-result-for:"Go is awesome" video-result-for:"Go is awesome"], 0 ms
Go results, V1, [web-result-for:"Go is awesome" image-result-for:"Go is awesome" video-result-for:"Go is awesome"], 0 ms
Go results, V1, [web-result-for:"Go is awesome" image-result-for:"Go is awesome" video-result-for:"Go is awesome"], 0 ms
Go results, V1, [web-result-for:"Go is awesome" image-result-for:"Go is awesome" video-result-for:"Go is awesome"], 0 ms
Go results, V1, [web-result-for:"Go is awesome" image-result-for:"Go is awesome" video-result-for:"Go is awesome"], 0 ms
Go results, V1, [web-result-for:"Go is awesome" image-result-for:"Go is awesome" video-result-for:"Go is awesome"], 0 ms
Go results, V1, [web-result-for:"Go is awesome" image-result-for:"Go is awesome" video-result-for:"Go is awesome"], 124 ms
Go results, V1, [web-result-for:"Go is awesome" image-result-for:"Go is awesome" video-result-for:"Go is awesome"], 216 ms
Go results, V1, [web-result-for:"Go is awesome" image-result-for:"Go is awesome" video-result-for:"Go is awesome"], 190 ms
Go results, V1, [web-result-for:"Go is awesome" image-result-for:"Go is awesome" video-result-for:"Go is awesome"], 211 ms
Go results, V1, [web-result-for:"Go is awesome" image-result-for:"Go is awesome" video-result-for:"Go is awesome"], 119 ms
Go results, V1, [web-result-for:"Go is awesome" image-result-for:"Go is awesome" video-result-for:"Go is awesome"], 200 ms
Go results, V1, [web-result-for:"Go is awesome" image-result-for:"Go is awesome" video-result-for:"Go is awesome"], 198 ms
Go results, V1, [web-result-for:"Go is awesome" image-result-for:"Go is awesome" video-result-for:"Go is awesome"], 119 ms
Go results, V1, [web-result-for:"Go is awesome" image-result-for:"Go is awesome" video-result-for:"Go is awesome"], 110 ms
Go results, V1, [web-result-for:"Go is awesome" image-result-for:"Go is awesome" video-result-for:"Go is awesome"], 167 ms
Go results, V1, [web-result-for:"Go is awesome" image-result-for:"Go is awesome" video-result-for:"Go is awesome"], 169 ms
Go results, V1, [web-result-for:"Go is awesome" image-result-for:"Go is awesome" video-result-for:"Go is awesome"], 200 ms
Go results, V1, [web-result-for:"Go is awesome" image-result-for:"Go is awesome" video-result-for:"Go is awesome"], 194 ms
Go results, V1, [web-result-for:"Go is awesome" image-result-for:"Go is awesome" video-result-for:"Go is awesome"], 260 ms
Go results, V1, [web-result-for:"Go is awesome" image-result-for:"Go is awesome" video-result-for:"Go is awesome"], 251 ms
Go results, V1, [web-result-for:"Go is awesome" image-result-for:"Go is awesome" video-result-for:"Go is awesome"], 173 ms
Go results, V1, [web-result-for:"Go is awesome" image-result-for:"Go is awesome" video-result-for:"Go is awesome"], 226 ms
Go results, V1, [web-result-for:"Go is awesome" image-result-for:"Go is awesome" video-result-for:"Go is awesome"], 133 ms
Go results, V1, [web-result-for:"Go is awesome" image-result-for:"Go is awesome" video-result-for:"Go is awesome"], 266 ms
Go results, V1, [web-result-for:"Go is awesome" image-result-for:"Go is awesome" video-result-for:"Go is awesome"], 126 ms
Go results, V1, [web-result-for:"Go is awesome" image-result-for:"Go is awesome" video-result-for:"Go is awesome"], 251 ms
Go results, V1, [web-result-for:"Go is awesome" image-result-for:"Go is awesome" video-result-for:"Go is awesome"], 141 ms
Go results, V1, [web-result-for:"Go is awesome" image-result-for:"Go is awesome" video-result-for:"Go is awesome"], 205 ms
Go results, V1, [web-result-for:"Go is awesome" image-result-for:"Go is awesome" video-result-for:"Go is awesome"], 212 ms
Go results, V1, [web-result-for:"Go is awesome" image-result-for:"Go is awesome" video-result-for:"Go is awesome"], 103 ms
Go results, V1, [web-result-for:"Go is awesome" image-result-for:"Go is awesome" video-result-for:"Go is awesome"], 145 ms
Go results, V1, [web-result-for:"Go is awesome" image-result-for:"Go is awesome" video-result-for:"Go is awesome"], 205 ms
Go results, V1, [web-result-for:"Go is awesome" image-result-for:"Go is awesome" video-result-for:"Go is awesome"], 197 ms
Go results, V1, [web-result-for:"Go is awesome" image-result-for:"Go is awesome" video-result-for:"Go is awesome"], 65 ms
Go results, V1, [web-result-for:"Go is awesome" image-result-for:"Go is awesome" video-result-for:"Go is awesome"], 217 ms
Go results, V1, [web-result-for:"Go is awesome" image-result-for:"Go is awesome" video-result-for:"Go is awesome"], 216 ms
Go results, V1, [web-result-for:"Go is awesome" image-result-for:"Go is awesome" video-result-for:"Go is awesome"], 138 ms
Go results, V1, [web-result-for:"Go is awesome" image-result-for:"Go is awesome" video-result-for:"Go is awesome"], 208 ms
Go results, V1, [web-result-for:"Go is awesome" image-result-for:"Go is awesome" video-result-for:"Go is awesome"], 154 ms
Go results, V1, [web-result-for:"Go is awesome" image-result-for:"Go is awesome" video-result-for:"Go is awesome"], 221 ms
Go results, V1, [web-result-for:"Go is awesome" image-result-for:"Go is awesome" video-result-for:"Go is awesome"], 238 ms
Go results, V1, [web-result-for:"Go is awesome" image-result-for:"Go is awesome" video-result-for:"Go is awesome"], 190 ms
Go results, V1, [web-result-for:"Go is awesome" image-result-for:"Go is awesome" video-result-for:"Go is awesome"], 174 ms
Go results, V1, [web-result-for:"Go is awesome" image-result-for:"Go is awesome" video-result-for:"Go is awesome"], 157 ms
Go results, V1, [web-result-for:"Go is awesome" image-result-for:"Go is awesome" video-result-for:"Go is awesome"], 205 ms
Go results, V1, [web-result-for:"Go is awesome" image-result-for:"Go is awesome" video-result-for:"Go is awesome"], 155 ms
Go results, V1, [web-result-for:"Go is awesome" image-result-for:"Go is awesome" video-result-for:"Go is awesome"], 174 ms
Go results, V1, [web-result-for:"Go is awesome" image-result-for:"Go is awesome" video-result-for:"Go is awesome"], 141 ms
Go results, V1, [web-result-for:"Go is awesome" image-result-for:"Go is awesome" video-result-for:"Go is awesome"], 155 ms
Go results, V1, [web-result-for:"Go is awesome" image-result-for:"Go is awesome" video-result-for:"Go is awesome"], 94 ms
Go results, V1, [web-result-for:"Go is awesome" image-result-for:"Go is awesome" video-result-for:"Go is awesome"], 78 ms
Go results, V1, [web-result-for:"Go is awesome" image-result-for:"Go is awesome" video-result-for:"Go is awesome"], 78 ms
Go results, V1, [web-result-for:"Go is awesome" image-result-for:"Go is awesome" video-result-for:"Go is awesome"], 125 ms
Go results, V1, [web-result-for:"Go is awesome" image-result-for:"Go is awesome" video-result-for:"Go is awesome"], 141 ms
Go results, V1, [web-result-for:"Go is awesome" image-result-for:"Go is awesome" video-result-for:"Go is awesome"], 163 ms
Go results, V1, [web-result-for:"Go is awesome" image-result-for:"Go is awesome" video-result-for:"Go is awesome"], 185 ms
Go results, V1, [web-result-for:"Go is awesome" image-result-for:"Go is awesome" video-result-for:"Go is awesome"], 114 ms
Go results, V1, [web-result-for:"Go is awesome" image-result-for:"Go is awesome" video-result-for:"Go is awesome"], 248 ms
Go results, V1, [web-result-for:"Go is awesome" image-result-for:"Go is awesome" video-result-for:"Go is awesome"], 108 ms
Go results, V1, [web-result-for:"Go is awesome" image-result-for:"Go is awesome" video-result-for:"Go is awesome"], 181 ms
Go results, V1, [web-result-for:"Go is awesome" image-result-for:"Go is awesome" video-result-for:"Go is awesome"], 195 ms
Go results, V1, [web-result-for:"Go is awesome" image-result-for:"Go is awesome" video-result-for:"Go is awesome"], 152 ms
Go results, V1, [web-result-for:"Go is awesome" image-result-for:"Go is awesome" video-result-for:"Go is awesome"], 172 ms
Go results, V1, [web-result-for:"Go is awesome" image-result-for:"Go is awesome" video-result-for:"Go is awesome"], 133 ms
Go results, V1, [web-result-for:"Go is awesome" image-result-for:"Go is awesome" video-result-for:"Go is awesome"], 194 ms
Go results, V1, [web-result-for:"Go is awesome" image-result-for:"Go is awesome" video-result-for:"Go is awesome"], 222 ms
Go results, V1, [web-result-for:"Go is awesome" image-result-for:"Go is awesome" video-result-for:"Go is awesome"], 207 ms
Go results, V1, [web-result-for:"Go is awesome" image-result-for:"Go is awesome" video-result-for:"Go is awesome"], 279 ms
Go results, V1, [web-result-for:"Go is awesome" image-result-for:"Go is awesome" video-result-for:"Go is awesome"], 158 ms
Go results, V1, [web-result-for:"Go is awesome" image-result-for:"Go is awesome" video-result-for:"Go is awesome"], 250 ms
Go results, V1, [web-result-for:"Go is awesome" image-result-for:"Go is awesome" video-result-for:"Go is awesome"], 58 ms
Go results, V1, [web-result-for:"Go is awesome" image-result-for:"Go is awesome" video-result-for:"Go is awesome"], 253 ms
Go results, V1, [web-result-for:"Go is awesome" image-result-for:"Go is awesome" video-result-for:"Go is awesome"], 251 ms
Go results, V1, [web-result-for:"Go is awesome" image-result-for:"Go is awesome" video-result-for:"Go is awesome"], 173 ms
Go results, V1, [web-result-for:"Go is awesome" image-result-for:"Go is awesome" video-result-for:"Go is awesome"], 0 ms
Go results, V1, [web-result-for:"Go is awesome" image-result-for:"Go is awesome" video-result-for:"Go is awesome"], 0 ms
Go results, V1, [web-result-for:"Go is awesome" image-result-for:"Go is awesome" video-result-for:"Go is awesome"], 0 ms
Go results, V1, [web-result-for:"Go is awesome" image-result-for:"Go is awesome" video-result-for:"Go is awesome"], 0 ms
Go results, V1, [web-result-for:"Go is awesome" image-result-for:"Go is awesome" video-result-for:"Go is awesome"], 0 ms
Go results, V1, [web-result-for:"Go is awesome" image-result-for:"Go is awesome" video-result-for:"Go is awesome"], 0 ms
Go results, V1, [web-result-for:"Go is awesome" image-result-for:"Go is awesome" video-result-for:"Go is awesome"], 0 ms
Go results, V1, [web-result-for:"Go is awesome" image-result-for:"Go is awesome" video-result-for:"Go is awesome"], 0 ms
Go results, V1, [web-result-for:"Go is awesome" image-result-for:"Go is awesome" video-result-for:"Go is awesome"], 1 ms
Go results, V1, [web-result-for:"Go is awesome" image-result-for:"Go is awesome" video-result-for:"Go is awesome"], 177 ms
Go results, V1, [web-result-for:"Go is awesome" image-result-for:"Go is awesome" video-result-for:"Go is awesome"], 186 ms
Go results, V2, [web-result-for:"Go is awesome" image-result-for:"Go is awesome" video-result-for:"Go is awesome"], 31 ms
Go results, V2, [video-result-for:"Go is awesome" web-result-for:"Go is awesome" image-result-for:"Go is awesome"], 97 ms
Go results, V2, [web-result-for:"Go is awesome" image-result-for:"Go is awesome" video-result-for:"Go is awesome"], 17 ms
Go results, V2, [web-result-for:"Go is awesome" image-result-for:"Go is awesome" video-result-for:"Go is awesome"], 55 ms
Go results, V2, [image-result-for:"Go is awesome" web-result-for:"Go is awesome" video-result-for:"Go is awesome"], 97 ms
Go results, V2, [web-result-for:"Go is awesome" video-result-for:"Go is awesome" image-result-for:"Go is awesome"], 31 ms
Go results, V2, [video-result-for:"Go is awesome" image-result-for:"Go is awesome" web-result-for:"Go is awesome"], 88 ms
Go results, V2, [image-result-for:"Go is awesome" web-result-for:"Go is awesome" video-result-for:"Go is awesome"], 64 ms
Go results, V2, [image-result-for:"Go is awesome" video-result-for:"Go is awesome" web-result-for:"Go is awesome"], 17 ms
Go results, V2, [web-result-for:"Go is awesome" video-result-for:"Go is awesome" image-result-for:"Go is awesome"], 64 ms
Go results, V2, [image-result-for:"Go is awesome" video-result-for:"Go is awesome" web-result-for:"Go is awesome"], 104 ms
Go results, V2, [web-result-for:"Go is awesome" image-result-for:"Go is awesome" video-result-for:"Go is awesome"], 32 ms
Go results, V2, [image-result-for:"Go is awesome" video-result-for:"Go is awesome" web-result-for:"Go is awesome"], 30 ms
Go results, V2, [image-result-for:"Go is awesome" video-result-for:"Go is awesome" web-result-for:"Go is awesome"], 48 ms
Go results, V2, [web-result-for:"Go is awesome" video-result-for:"Go is awesome" image-result-for:"Go is awesome"], 33 ms
Go results, V2, [web-result-for:"Go is awesome" video-result-for:"Go is awesome" image-result-for:"Go is awesome"], 26 ms
Go results, V2, [web-result-for:"Go is awesome" image-result-for:"Go is awesome" video-result-for:"Go is awesome"], 21 ms
Go results, V2, [web-result-for:"Go is awesome" image-result-for:"Go is awesome" video-result-for:"Go is awesome"], 105 ms
Go results, V2, [web-result-for:"Go is awesome" image-result-for:"Go is awesome" video-result-for:"Go is awesome"], 18 ms
Go results, V2, [web-result-for:"Go is awesome" image-result-for:"Go is awesome" video-result-for:"Go is awesome"], 6 ms
Go results, V2, [web-result-for:"Go is awesome" video-result-for:"Go is awesome" image-result-for:"Go is awesome"], 97 ms
Go results, V2, [image-result-for:"Go is awesome" video-result-for:"Go is awesome" web-result-for:"Go is awesome"], 6 ms
Go results, V2, [image-result-for:"Go is awesome" video-result-for:"Go is awesome" web-result-for:"Go is awesome"], 87 ms
Go results, V2, [web-result-for:"Go is awesome" video-result-for:"Go is awesome" image-result-for:"Go is awesome"], 47 ms
Go results, V2, [image-result-for:"Go is awesome" video-result-for:"Go is awesome" web-result-for:"Go is awesome"], 66 ms
Go results, V2, [web-result-for:"Go is awesome" video-result-for:"Go is awesome" image-result-for:"Go is awesome"], 31 ms
Go results, V2, [image-result-for:"Go is awesome" video-result-for:"Go is awesome" web-result-for:"Go is awesome"], 48 ms
Go results, V2, [image-result-for:"Go is awesome" video-result-for:"Go is awesome" web-result-for:"Go is awesome"], 39 ms
Go results, V2, [image-result-for:"Go is awesome" web-result-for:"Go is awesome" video-result-for:"Go is awesome"], 64 ms
Go results, V2, [web-result-for:"Go is awesome" image-result-for:"Go is awesome" video-result-for:"Go is awesome"], 38 ms
Go results, V2, [web-result-for:"Go is awesome" image-result-for:"Go is awesome" video-result-for:"Go is awesome"], 28 ms
Go results, V2, [web-result-for:"Go is awesome" image-result-for:"Go is awesome" video-result-for:"Go is awesome"], 82 ms
Go results, V2, [web-result-for:"Go is awesome" video-result-for:"Go is awesome" image-result-for:"Go is awesome"], 86 ms
Go results, V2, [image-result-for:"Go is awesome" web-result-for:"Go is awesome" video-result-for:"Go is awesome"], 32 ms
Go results, V2, [web-result-for:"Go is awesome" image-result-for:"Go is awesome" video-result-for:"Go is awesome"], 7 ms
Go results, V2, [image-result-for:"Go is awesome" video-result-for:"Go is awesome" web-result-for:"Go is awesome"], 32 ms
Go results, V2, [image-result-for:"Go is awesome" web-result-for:"Go is awesome" video-result-for:"Go is awesome"], 52 ms
Go results, V2, [web-result-for:"Go is awesome" image-result-for:"Go is awesome" video-result-for:"Go is awesome"], 94 ms
Go results, V2, [web-result-for:"Go is awesome" video-result-for:"Go is awesome" image-result-for:"Go is awesome"], 31 ms
Go results, V2, [video-result-for:"Go is awesome" web-result-for:"Go is awesome" image-result-for:"Go is awesome"], 63 ms
Go results, V2, [video-result-for:"Go is awesome" web-result-for:"Go is awesome" image-result-for:"Go is awesome"], 94 ms
Go results, V2, [image-result-for:"Go is awesome" web-result-for:"Go is awesome" video-result-for:"Go is awesome"], 31 ms
Go results, V2, [image-result-for:"Go is awesome" video-result-for:"Go is awesome" web-result-for:"Go is awesome"], 63 ms
Go results, V2, [image-result-for:"Go is awesome" web-result-for:"Go is awesome" video-result-for:"Go is awesome"], 15 ms
Go results, V2, [web-result-for:"Go is awesome" image-result-for:"Go is awesome" video-result-for:"Go is awesome"], 32 ms
Go results, V2, [image-result-for:"Go is awesome" web-result-for:"Go is awesome" video-result-for:"Go is awesome"], 63 ms
Go results, V2, [image-result-for:"Go is awesome" video-result-for:"Go is awesome" web-result-for:"Go is awesome"], 109 ms
Go results, V2, [image-result-for:"Go is awesome" web-result-for:"Go is awesome" video-result-for:"Go is awesome"], 16 ms
Go results, V2, [image-result-for:"Go is awesome" web-result-for:"Go is awesome" video-result-for:"Go is awesome"], 15 ms
Go results, V2, [image-result-for:"Go is awesome" video-result-for:"Go is awesome" web-result-for:"Go is awesome"], 31 ms
Go results, V2, [image-result-for:"Go is awesome" video-result-for:"Go is awesome" web-result-for:"Go is awesome"], 78 ms
Go results, V2, [image-result-for:"Go is awesome" web-result-for:"Go is awesome" video-result-for:"Go is awesome"], 31 ms
Go results, V2, [web-result-for:"Go is awesome" image-result-for:"Go is awesome" video-result-for:"Go is awesome"], 47 ms
Go results, V2, [image-result-for:"Go is awesome" video-result-for:"Go is awesome" web-result-for:"Go is awesome"], 15 ms
Go results, V2, [web-result-for:"Go is awesome" video-result-for:"Go is awesome" image-result-for:"Go is awesome"], 32 ms
Go results, V2, [image-result-for:"Go is awesome" web-result-for:"Go is awesome" video-result-for:"Go is awesome"], 109 ms
Go results, V2, [image-result-for:"Go is awesome" video-result-for:"Go is awesome" web-result-for:"Go is awesome"], 94 ms
Go results, V2, [image-result-for:"Go is awesome" web-result-for:"Go is awesome" video-result-for:"Go is awesome"], 47 ms
Go results, V2, [image-result-for:"Go is awesome" web-result-for:"Go is awesome" video-result-for:"Go is awesome"], 47 ms
Go results, V2, [web-result-for:"Go is awesome" image-result-for:"Go is awesome" video-result-for:"Go is awesome"], 15 ms
Go results, V2, [image-result-for:"Go is awesome" video-result-for:"Go is awesome" web-result-for:"Go is awesome"], 109 ms
Go results, V2, [web-result-for:"Go is awesome" image-result-for:"Go is awesome" video-result-for:"Go is awesome"], 15 ms
Go results, V2, [image-result-for:"Go is awesome" web-result-for:"Go is awesome" video-result-for:"Go is awesome"], 16 ms
Go results, V2, [image-result-for:"Go is awesome" video-result-for:"Go is awesome" web-result-for:"Go is awesome"], 31 ms
Go results, V2, [image-result-for:"Go is awesome" web-result-for:"Go is awesome" video-result-for:"Go is awesome"], 31 ms
Go results, V2, [image-result-for:"Go is awesome" video-result-for:"Go is awesome" web-result-for:"Go is awesome"], 62 ms
Go results, V2, [image-result-for:"Go is awesome" web-result-for:"Go is awesome" video-result-for:"Go is awesome"], 31 ms
Go results, V2, [image-result-for:"Go is awesome" web-result-for:"Go is awesome" video-result-for:"Go is awesome"], 109 ms
Go results, V2, [image-result-for:"Go is awesome" video-result-for:"Go is awesome" web-result-for:"Go is awesome"], 47 ms
Go results, V2, [web-result-for:"Go is awesome" video-result-for:"Go is awesome" image-result-for:"Go is awesome"], 47 ms
Go results, V2, [image-result-for:"Go is awesome" video-result-for:"Go is awesome" web-result-for:"Go is awesome"], 15 ms
Go results, V2, [image-result-for:"Go is awesome" video-result-for:"Go is awesome" web-result-for:"Go is awesome"], 78 ms
Go results, V2, [web-result-for:"Go is awesome" video-result-for:"Go is awesome" image-result-for:"Go is awesome"], 78 ms
Go results, V2, [image-result-for:"Go is awesome" video-result-for:"Go is awesome" web-result-for:"Go is awesome"], 78 ms
Go results, V2, [web-result-for:"Go is awesome" image-result-for:"Go is awesome" video-result-for:"Go is awesome"], 31 ms
Go results, V2, [web-result-for:"Go is awesome" image-result-for:"Go is awesome" video-result-for:"Go is awesome"], 31 ms
Go results, V2, [image-result-for:"Go is awesome" video-result-for:"Go is awesome" web-result-for:"Go is awesome"], 94 ms
Go results, V2, [image-result-for:"Go is awesome" video-result-for:"Go is awesome" web-result-for:"Go is awesome"], 93 ms
Go results, V2, [image-result-for:"Go is awesome" video-result-for:"Go is awesome" web-result-for:"Go is awesome"], 93 ms
Go results, V2, [web-result-for:"Go is awesome" image-result-for:"Go is awesome" video-result-for:"Go is awesome"], 78 ms
Go results, V2, [image-result-for:"Go is awesome" video-result-for:"Go is awesome" web-result-for:"Go is awesome"], 62 ms
Go results, V2, [web-result-for:"Go is awesome" image-result-for:"Go is awesome" video-result-for:"Go is awesome"], 94 ms
Go results, V2, [image-result-for:"Go is awesome" video-result-for:"Go is awesome" web-result-for:"Go is awesome"], 47 ms
Go results, V2, [web-result-for:"Go is awesome" video-result-for:"Go is awesome" image-result-for:"Go is awesome"], 93 ms
Go results, V2, [web-result-for:"Go is awesome" video-result-for:"Go is awesome" image-result-for:"Go is awesome"], 63 ms
Go results, V2, [web-result-for:"Go is awesome" video-result-for:"Go is awesome" image-result-for:"Go is awesome"], 94 ms
Go results, V2, [web-result-for:"Go is awesome" video-result-for:"Go is awesome" image-result-for:"Go is awesome"], 62 ms
Go results, V2, [image-result-for:"Go is awesome" video-result-for:"Go is awesome" web-result-for:"Go is awesome"], 47 ms
Go results, V2, [web-result-for:"Go is awesome" video-result-for:"Go is awesome" image-result-for:"Go is awesome"], 63 ms
Go results, V2, [web-result-for:"Go is awesome" video-result-for:"Go is awesome" image-result-for:"Go is awesome"], 94 ms
Go results, V2, [image-result-for:"Go is awesome" video-result-for:"Go is awesome" web-result-for:"Go is awesome"], 94 ms
Go results, V2, [image-result-for:"Go is awesome" video-result-for:"Go is awesome" web-result-for:"Go is awesome"], 47 ms
Go results, V2, [image-result-for:"Go is awesome" video-result-for:"Go is awesome" web-result-for:"Go is awesome"], 78 ms
Go results, V2, [web-result-for:"Go is awesome" video-result-for:"Go is awesome" image-result-for:"Go is awesome"], 16 ms
Go results, V2, [image-result-for:"Go is awesome" web-result-for:"Go is awesome" video-result-for:"Go is awesome"], 111 ms
Go results, V2, [web-result-for:"Go is awesome" video-result-for:"Go is awesome" image-result-for:"Go is awesome"], 78 ms
Go results, V2, [image-result-for:"Go is awesome" web-result-for:"Go is awesome" video-result-for:"Go is awesome"], 15 ms
Go results, V2, [web-result-for:"Go is awesome" image-result-for:"Go is awesome" video-result-for:"Go is awesome"], 95 ms
Go results, V2, [web-result-for:"Go is awesome" video-result-for:"Go is awesome" image-result-for:"Go is awesome"], 109 ms
Go results, V2, [web-result-for:"Go is awesome" image-result-for:"Go is awesome" video-result-for:"Go is awesome"], 94 ms
Go results, V3, [web-result-for:"Go is awesome" video-result-for:"Go is awesome" image-result-for:"Go is awesome"], 16 ms
Go results, V3, [image-result-for:"Go is awesome" video-result-for:"Go is awesome" web-result-for:"Go is awesome"], 62 ms
Go results, V3, [timed-out], 95 ms
Go results, V3, [image-result-for:"Go is awesome" web-result-for:"Go is awesome" video-result-for:"Go is awesome"], 78 ms
Go results, V3, [image-result-for:"Go is awesome" video-result-for:"Go is awesome" web-result-for:"Go is awesome"], 78 ms
Go results, V3, [timed-out], 94 ms
Go results, V3, [image-result-for:"Go is awesome" timed-out], 94 ms
Go results, V3, [image-result-for:"Go is awesome" video-result-for:"Go is awesome" web-result-for:"Go is awesome"], 31 ms
Go results, V3, [video-result-for:"Go is awesome" image-result-for:"Go is awesome" web-result-for:"Go is awesome"], 78 ms
Go results, V3, [web-result-for:"Go is awesome" timed-out], 94 ms
Go results, V3, [image-result-for:"Go is awesome" video-result-for:"Go is awesome" web-result-for:"Go is awesome"], 15 ms
Go results, V3, [image-result-for:"Go is awesome" video-result-for:"Go is awesome" web-result-for:"Go is awesome"], 47 ms
Go results, V3, [image-result-for:"Go is awesome" video-result-for:"Go is awesome" web-result-for:"Go is awesome"], 47 ms
Go results, V3, [image-result-for:"Go is awesome" video-result-for:"Go is awesome" web-result-for:"Go is awesome"], 46 ms
Go results, V3, [web-result-for:"Go is awesome" video-result-for:"Go is awesome" image-result-for:"Go is awesome"], 63 ms
Go results, V3, [image-result-for:"Go is awesome" web-result-for:"Go is awesome" video-result-for:"Go is awesome"], 16 ms
Go results, V3, [image-result-for:"Go is awesome" video-result-for:"Go is awesome" web-result-for:"Go is awesome"], 48 ms
Go results, V3, [web-result-for:"Go is awesome" video-result-for:"Go is awesome" image-result-for:"Go is awesome"], 79 ms
Go results, V3, [web-result-for:"Go is awesome" video-result-for:"Go is awesome" image-result-for:"Go is awesome"], 63 ms
Go results, V3, [web-result-for:"Go is awesome" video-result-for:"Go is awesome" image-result-for:"Go is awesome"], 47 ms
Go results, V3, [web-result-for:"Go is awesome" video-result-for:"Go is awesome" image-result-for:"Go is awesome"], 47 ms
Go results, V3, [web-result-for:"Go is awesome" video-result-for:"Go is awesome" image-result-for:"Go is awesome"], 63 ms
Go results, V3, [image-result-for:"Go is awesome" web-result-for:"Go is awesome" video-result-for:"Go is awesome"], 63 ms
Go results, V3, [image-result-for:"Go is awesome" web-result-for:"Go is awesome" video-result-for:"Go is awesome"], 47 ms
Go results, V3, [web-result-for:"Go is awesome" video-result-for:"Go is awesome" image-result-for:"Go is awesome"], 79 ms
Go results, V3, [web-result-for:"Go is awesome" video-result-for:"Go is awesome" image-result-for:"Go is awesome"], 32 ms
Go results, V3, [web-result-for:"Go is awesome" video-result-for:"Go is awesome" image-result-for:"Go is awesome"], 78 ms
Go results, V3, [web-result-for:"Go is awesome" video-result-for:"Go is awesome" image-result-for:"Go is awesome"], 31 ms
Go results, V3, [image-result-for:"Go is awesome" web-result-for:"Go is awesome" video-result-for:"Go is awesome"], 78 ms
Go results, V3, [web-result-for:"Go is awesome" video-result-for:"Go is awesome" image-result-for:"Go is awesome"], 63 ms
Go results, V3, [web-result-for:"Go is awesome" timed-out], 93 ms
Go results, V3, [web-result-for:"Go is awesome" video-result-for:"Go is awesome" image-result-for:"Go is awesome"], 78 ms
Go results, V3, [web-result-for:"Go is awesome" image-result-for:"Go is awesome" video-result-for:"Go is awesome"], 63 ms
Go results, V3, [web-result-for:"Go is awesome" video-result-for:"Go is awesome" image-result-for:"Go is awesome"], 15 ms
Go results, V3, [image-result-for:"Go is awesome" video-result-for:"Go is awesome" web-result-for:"Go is awesome"], 15 ms
Go results, V3, [video-result-for:"Go is awesome" image-result-for:"Go is awesome" web-result-for:"Go is awesome"], 78 ms
Go results, V3, [timed-out], 94 ms
Go results, V3, [timed-out], 94 ms
Go results, V3, [web-result-for:"Go is awesome" video-result-for:"Go is awesome" image-result-for:"Go is awesome"], 62 ms
Go results, V3, [web-result-for:"Go is awesome" video-result-for:"Go is awesome" image-result-for:"Go is awesome"], 15 ms
Go results, V3, [video-result-for:"Go is awesome" image-result-for:"Go is awesome" web-result-for:"Go is awesome"], 15 ms
Go results, V3, [timed-out], 94 ms
Go results, V3, [image-result-for:"Go is awesome" video-result-for:"Go is awesome" web-result-for:"Go is awesome"], 15 ms
Go results, V3, [image-result-for:"Go is awesome" video-result-for:"Go is awesome" web-result-for:"Go is awesome"], 78 ms
Go results, V3, [image-result-for:"Go is awesome" web-result-for:"Go is awesome" video-result-for:"Go is awesome"], 31 ms
Go results, V3, [web-result-for:"Go is awesome" video-result-for:"Go is awesome" image-result-for:"Go is awesome"], 46 ms
Go results, V3, [video-result-for:"Go is awesome" image-result-for:"Go is awesome" web-result-for:"Go is awesome"], 63 ms
Go results, V3, [image-result-for:"Go is awesome" video-result-for:"Go is awesome" web-result-for:"Go is awesome"], 31 ms
Go results, V3, [video-result-for:"Go is awesome" image-result-for:"Go is awesome" web-result-for:"Go is awesome"], 62 ms
Go results, V3, [video-result-for:"Go is awesome" web-result-for:"Go is awesome" image-result-for:"Go is awesome"], 47 ms
Go results, V3, [web-result-for:"Go is awesome" video-result-for:"Go is awesome" image-result-for:"Go is awesome"], 16 ms
Go results, V3, [video-result-for:"Go is awesome" image-result-for:"Go is awesome" web-result-for:"Go is awesome"], 47 ms
Go results, V3, [image-result-for:"Go is awesome" video-result-for:"Go is awesome" web-result-for:"Go is awesome"], 78 ms
Go results, V3, [web-result-for:"Go is awesome" image-result-for:"Go is awesome" video-result-for:"Go is awesome"], 16 ms
Go results, V3, [timed-out], 94 ms
Go results, V3, [web-result-for:"Go is awesome" image-result-for:"Go is awesome" video-result-for:"Go is awesome"], 47 ms
Go results, V3, [video-result-for:"Go is awesome" web-result-for:"Go is awesome" image-result-for:"Go is awesome"], 47 ms
Go results, V3, [image-result-for:"Go is awesome" web-result-for:"Go is awesome" video-result-for:"Go is awesome"], 16 ms
Go results, V3, [image-result-for:"Go is awesome" video-result-for:"Go is awesome" web-result-for:"Go is awesome"], 16 ms
Go results, V3, [timed-out], 94 ms
Go results, V3, [timed-out], 94 ms
Go results, V3, [image-result-for:"Go is awesome" video-result-for:"Go is awesome" web-result-for:"Go is awesome"], 62 ms
Go results, V3, [timed-out], 94 ms
Go results, V3, [web-result-for:"Go is awesome" timed-out], 94 ms
Go results, V3, [image-result-for:"Go is awesome" web-result-for:"Go is awesome" video-result-for:"Go is awesome"], 15 ms
Go results, V3, [image-result-for:"Go is awesome" web-result-for:"Go is awesome" video-result-for:"Go is awesome"], 78 ms
Go results, V3, [timed-out], 94 ms
Go results, V3, [web-result-for:"Go is awesome" video-result-for:"Go is awesome" image-result-for:"Go is awesome"], 16 ms
Go results, V3, [web-result-for:"Go is awesome" image-result-for:"Go is awesome" video-result-for:"Go is awesome"], 16 ms
Go results, V3, [timed-out], 93 ms
Go results, V3, [image-result-for:"Go is awesome" web-result-for:"Go is awesome" video-result-for:"Go is awesome"], 16 ms
Go results, V3, [web-result-for:"Go is awesome" video-result-for:"Go is awesome" image-result-for:"Go is awesome"], 16 ms
Go results, V3, [web-result-for:"Go is awesome" image-result-for:"Go is awesome" video-result-for:"Go is awesome"], 78 ms
Go results, V3, [web-result-for:"Go is awesome" image-result-for:"Go is awesome" video-result-for:"Go is awesome"], 63 ms
Go results, V3, [image-result-for:"Go is awesome" video-result-for:"Go is awesome" web-result-for:"Go is awesome"], 31 ms
Go results, V3, [video-result-for:"Go is awesome" image-result-for:"Go is awesome" web-result-for:"Go is awesome"], 63 ms
Go results, V3, [image-result-for:"Go is awesome" video-result-for:"Go is awesome" web-result-for:"Go is awesome"], 47 ms
Go results, V3, [image-result-for:"Go is awesome" video-result-for:"Go is awesome" web-result-for:"Go is awesome"], 47 ms
Go results, V3, [web-result-for:"Go is awesome" video-result-for:"Go is awesome" image-result-for:"Go is awesome"], 16 ms
Go results, V3, [image-result-for:"Go is awesome" video-result-for:"Go is awesome" web-result-for:"Go is awesome"], 48 ms
Go results, V3, [web-result-for:"Go is awesome" image-result-for:"Go is awesome" video-result-for:"Go is awesome"], 31 ms
Go results, V3, [web-result-for:"Go is awesome" image-result-for:"Go is awesome" video-result-for:"Go is awesome"], 15 ms
Go results, V3, [web-result-for:"Go is awesome" image-result-for:"Go is awesome" video-result-for:"Go is awesome"], 63 ms
Go results, V3, [image-result-for:"Go is awesome" video-result-for:"Go is awesome" web-result-for:"Go is awesome"], 15 ms
Go results, V3, [image-result-for:"Go is awesome" video-result-for:"Go is awesome" web-result-for:"Go is awesome"], 32 ms
Go results, V3, [web-result-for:"Go is awesome" video-result-for:"Go is awesome" image-result-for:"Go is awesome"], 62 ms
Go results, V3, [image-result-for:"Go is awesome" video-result-for:"Go is awesome" web-result-for:"Go is awesome"], 63 ms
Go results, V3, [timed-out], 94 ms
Go results, V3, [web-result-for:"Go is awesome" video-result-for:"Go is awesome" image-result-for:"Go is awesome"], 78 ms
Go results, V3, [video-result-for:"Go is awesome" image-result-for:"Go is awesome" web-result-for:"Go is awesome"], 31 ms
Go results, V3, [image-result-for:"Go is awesome" video-result-for:"Go is awesome" web-result-for:"Go is awesome"], 31 ms
Go results, V3, [video-result-for:"Go is awesome" image-result-for:"Go is awesome" web-result-for:"Go is awesome"], 47 ms
Go results, V3, [image-result-for:"Go is awesome" video-result-for:"Go is awesome" web-result-for:"Go is awesome"], 47 ms
Go results, V3, [web-result-for:"Go is awesome" video-result-for:"Go is awesome" image-result-for:"Go is awesome"], 78 ms
Go results, V3, [image-result-for:"Go is awesome" video-result-for:"Go is awesome" web-result-for:"Go is awesome"], 78 ms
Go results, V3, [image-result-for:"Go is awesome" video-result-for:"Go is awesome" web-result-for:"Go is awesome"], 62 ms
Go results, V3, [web-result-for:"Go is awesome" video-result-for:"Go is awesome" image-result-for:"Go is awesome"], 63 ms
Go results, V3, [web-result-for:"Go is awesome" video-result-for:"Go is awesome" image-result-for:"Go is awesome"], 63 ms
Go results, V3, [web-result-for:"Go is awesome" video-result-for:"Go is awesome" image-result-for:"Go is awesome"], 48 ms
Go results, V3, [video-result-for:"Go is awesome" web-result-for:"Go is awesome" image-result-for:"Go is awesome"], 79 ms
Go results, V4, [video-result-for:"Go is awesome" web-result-for:"Go is awesome" image-result-for:"Go is awesome"], 63 ms
Go results, V4, [web-result-for:"Go is awesome" video-result-for:"Go is awesome" image-result-for:"Go is awesome"], 47 ms
Go results, V4, [image-result-for:"Go is awesome" web-result-for:"Go is awesome" video-result-for:"Go is awesome"], 16 ms
Go results, V4, [image-result-for:"Go is awesome" web-result-for:"Go is awesome" video-result-for:"Go is awesome"], 63 ms
Go results, V4, [web-result-for:"Go is awesome" video-result-for:"Go is awesome" image-result-for:"Go is awesome"], 31 ms
Go results, V4, [image-result-for:"Go is awesome" web-result-for:"Go is awesome" video-result-for:"Go is awesome"], 32 ms
Go results, V4, [video-result-for:"Go is awesome" web-result-for:"Go is awesome" image-result-for:"Go is awesome"], 47 ms
Go results, V4, [web-result-for:"Go is awesome" image-result-for:"Go is awesome" timed-out], 94 ms
Go results, V4, [image-result-for:"Go is awesome" web-result-for:"Go is awesome" video-result-for:"Go is awesome"], 31 ms
Go results, V4, [timed-out], 94 ms
Go results, V4, [image-result-for:"Go is awesome" web-result-for:"Go is awesome" video-result-for:"Go is awesome"], 63 ms
Go results, V4, [web-result-for:"Go is awesome" video-result-for:"Go is awesome" image-result-for:"Go is awesome"], 79 ms
Go results, V4, [web-result-for:"Go is awesome" video-result-for:"Go is awesome" image-result-for:"Go is awesome"], 63 ms
Go results, V4, [video-result-for:"Go is awesome" web-result-for:"Go is awesome" image-result-for:"Go is awesome"], 31 ms
Go results, V4, [image-result-for:"Go is awesome" web-result-for:"Go is awesome" video-result-for:"Go is awesome"], 47 ms
Go results, V4, [timed-out], 95 ms
Go results, V4, [image-result-for:"Go is awesome" video-result-for:"Go is awesome" web-result-for:"Go is awesome"], 31 ms
Go results, V4, [web-result-for:"Go is awesome" video-result-for:"Go is awesome" image-result-for:"Go is awesome"], 47 ms
Go results, V4, [image-result-for:"Go is awesome" web-result-for:"Go is awesome" timed-out], 94 ms
Go results, V4, [video-result-for:"Go is awesome" image-result-for:"Go is awesome" web-result-for:"Go is awesome"], 78 ms
Go results, V4, [web-result-for:"Go is awesome" image-result-for:"Go is awesome" timed-out], 94 ms
Go results, V4, [image-result-for:"Go is awesome" video-result-for:"Go is awesome" web-result-for:"Go is awesome"], 31 ms
Go results, V4, [video-result-for:"Go is awesome" image-result-for:"Go is awesome" web-result-for:"Go is awesome"], 31 ms
Go results, V4, [web-result-for:"Go is awesome" image-result-for:"Go is awesome" video-result-for:"Go is awesome"], 63 ms
Go results, V4, [web-result-for:"Go is awesome" timed-out], 94 ms
Go results, V4, [image-result-for:"Go is awesome" web-result-for:"Go is awesome" video-result-for:"Go is awesome"], 31 ms
Go results, V4, [web-result-for:"Go is awesome" image-result-for:"Go is awesome" video-result-for:"Go is awesome"], 31 ms
Go results, V4, [web-result-for:"Go is awesome" video-result-for:"Go is awesome" image-result-for:"Go is awesome"], 63 ms
Go results, V4, [video-result-for:"Go is awesome" web-result-for:"Go is awesome" image-result-for:"Go is awesome"], 15 ms
Go results, V4, [image-result-for:"Go is awesome" video-result-for:"Go is awesome" web-result-for:"Go is awesome"], 15 ms
Go results, V4, [web-result-for:"Go is awesome" image-result-for:"Go is awesome" video-result-for:"Go is awesome"], 63 ms
Go results, V4, [web-result-for:"Go is awesome" image-result-for:"Go is awesome" video-result-for:"Go is awesome"], 15 ms
Go results, V4, [video-result-for:"Go is awesome" web-result-for:"Go is awesome" image-result-for:"Go is awesome"], 47 ms
Go results, V4, [web-result-for:"Go is awesome" image-result-for:"Go is awesome" video-result-for:"Go is awesome"], 79 ms
Go results, V4, [video-result-for:"Go is awesome" web-result-for:"Go is awesome" image-result-for:"Go is awesome"], 31 ms
Go results, V4, [video-result-for:"Go is awesome" web-result-for:"Go is awesome" image-result-for:"Go is awesome"], 63 ms
Go results, V4, [image-result-for:"Go is awesome" video-result-for:"Go is awesome" web-result-for:"Go is awesome"], 78 ms
Go results, V4, [web-result-for:"Go is awesome" video-result-for:"Go is awesome" image-result-for:"Go is awesome"], 15 ms
Go results, V4, [image-result-for:"Go is awesome" video-result-for:"Go is awesome" web-result-for:"Go is awesome"], 63 ms
Go results, V4, [image-result-for:"Go is awesome" timed-out], 94 ms
Go results, V4, [video-result-for:"Go is awesome" image-result-for:"Go is awesome" web-result-for:"Go is awesome"], 31 ms
Go results, V4, [video-result-for:"Go is awesome" web-result-for:"Go is awesome" image-result-for:"Go is awesome"], 32 ms
Go results, V4, [image-result-for:"Go is awesome" video-result-for:"Go is awesome" web-result-for:"Go is awesome"], 31 ms
Go results, V4, [web-result-for:"Go is awesome" video-result-for:"Go is awesome" image-result-for:"Go is awesome"], 63 ms
Go results, V4, [timed-out], 94 ms
Go results, V4, [web-result-for:"Go is awesome" video-result-for:"Go is awesome" image-result-for:"Go is awesome"], 47 ms
Go results, V4, [video-result-for:"Go is awesome" web-result-for:"Go is awesome" image-result-for:"Go is awesome"], 47 ms
Go results, V4, [web-result-for:"Go is awesome" timed-out], 94 ms
Go results, V4, [video-result-for:"Go is awesome" web-result-for:"Go is awesome" image-result-for:"Go is awesome"], 78 ms
Go results, V4, [video-result-for:"Go is awesome" image-result-for:"Go is awesome" web-result-for:"Go is awesome"], 63 ms
Go results, V4, [image-result-for:"Go is awesome" web-result-for:"Go is awesome" video-result-for:"Go is awesome"], 31 ms
Go results, V4, [image-result-for:"Go is awesome" video-result-for:"Go is awesome" web-result-for:"Go is awesome"], 78 ms
Go results, V4, [image-result-for:"Go is awesome" video-result-for:"Go is awesome" web-result-for:"Go is awesome"], 62 ms
Go results, V4, [video-result-for:"Go is awesome" web-result-for:"Go is awesome" image-result-for:"Go is awesome"], 47 ms
Go results, V4, [image-result-for:"Go is awesome" web-result-for:"Go is awesome" timed-out], 94 ms
Go results, V4, [web-result-for:"Go is awesome" image-result-for:"Go is awesome" video-result-for:"Go is awesome"], 78 ms
Go results, V4, [image-result-for:"Go is awesome" video-result-for:"Go is awesome" web-result-for:"Go is awesome"], 62 ms
Go results, V4, [video-result-for:"Go is awesome" web-result-for:"Go is awesome" image-result-for:"Go is awesome"], 62 ms
Go results, V4, [web-result-for:"Go is awesome" video-result-for:"Go is awesome" image-result-for:"Go is awesome"], 47 ms
Go results, V4, [web-result-for:"Go is awesome" video-result-for:"Go is awesome" image-result-for:"Go is awesome"], 62 ms
Go results, V4, [timed-out], 94 ms
Go results, V4, [web-result-for:"Go is awesome" video-result-for:"Go is awesome" image-result-for:"Go is awesome"], 79 ms
Go results, V4, [web-result-for:"Go is awesome" video-result-for:"Go is awesome" image-result-for:"Go is awesome"], 79 ms
Go results, V4, [timed-out], 94 ms
Go results, V4, [image-result-for:"Go is awesome" video-result-for:"Go is awesome" web-result-for:"Go is awesome"], 62 ms
Go results, V4, [video-result-for:"Go is awesome" web-result-for:"Go is awesome" image-result-for:"Go is awesome"], 31 ms
Go results, V4, [image-result-for:"Go is awesome" web-result-for:"Go is awesome" timed-out], 94 ms
Go results, V4, [web-result-for:"Go is awesome" video-result-for:"Go is awesome" image-result-for:"Go is awesome"], 78 ms
Go results, V4, [web-result-for:"Go is awesome" image-result-for:"Go is awesome" video-result-for:"Go is awesome"], 63 ms
Go results, V4, [web-result-for:"Go is awesome" image-result-for:"Go is awesome" video-result-for:"Go is awesome"], 15 ms
Go results, V4, [web-result-for:"Go is awesome" video-result-for:"Go is awesome" image-result-for:"Go is awesome"], 15 ms
Go results, V4, [web-result-for:"Go is awesome" image-result-for:"Go is awesome" video-result-for:"Go is awesome"], 79 ms
Go results, V4, [web-result-for:"Go is awesome" image-result-for:"Go is awesome" video-result-for:"Go is awesome"], 15 ms
Go results, V4, [web-result-for:"Go is awesome" image-result-for:"Go is awesome" video-result-for:"Go is awesome"], 31 ms
Go results, V4, [image-result-for:"Go is awesome" video-result-for:"Go is awesome" web-result-for:"Go is awesome"], 63 ms
Go results, V4, [video-result-for:"Go is awesome" web-result-for:"Go is awesome" image-result-for:"Go is awesome"], 63 ms
Go results, V4, [timed-out], 94 ms
Go results, V4, [timed-out], 94 ms
Go results, V4, [web-result-for:"Go is awesome" video-result-for:"Go is awesome" image-result-for:"Go is awesome"], 32 ms
Go results, V4, [image-result-for:"Go is awesome" web-result-for:"Go is awesome" timed-out], 94 ms
Go results, V4, [video-result-for:"Go is awesome" image-result-for:"Go is awesome" web-result-for:"Go is awesome"], 47 ms
Go results, V4, [video-result-for:"Go is awesome" web-result-for:"Go is awesome" image-result-for:"Go is awesome"], 31 ms
Go results, V4, [web-result-for:"Go is awesome" video-result-for:"Go is awesome" image-result-for:"Go is awesome"], 31 ms
Go results, V4, [web-result-for:"Go is awesome" image-result-for:"Go is awesome" video-result-for:"Go is awesome"], 15 ms
Go results, V4, [image-result-for:"Go is awesome" video-result-for:"Go is awesome" web-result-for:"Go is awesome"], 63 ms
Go results, V4, [image-result-for:"Go is awesome" web-result-for:"Go is awesome" video-result-for:"Go is awesome"], 15 ms
Go results, V4, [web-result-for:"Go is awesome" image-result-for:"Go is awesome" video-result-for:"Go is awesome"], 63 ms
Go results, V4, [video-result-for:"Go is awesome" web-result-for:"Go is awesome" image-result-for:"Go is awesome"], 46 ms
Go results, V4, [web-result-for:"Go is awesome" image-result-for:"Go is awesome" video-result-for:"Go is awesome"], 15 ms
Go results, V4, [image-result-for:"Go is awesome" web-result-for:"Go is awesome" video-result-for:"Go is awesome"], 15 ms
Go results, V4, [video-result-for:"Go is awesome" web-result-for:"Go is awesome" image-result-for:"Go is awesome"], 31 ms
Go results, V4, [web-result-for:"Go is awesome" video-result-for:"Go is awesome" image-result-for:"Go is awesome"], 48 ms
Go results, V4, [timed-out], 94 ms
Go results, V4, [image-result-for:"Go is awesome" video-result-for:"Go is awesome" web-result-for:"Go is awesome"], 31 ms
Go results, V4, [image-result-for:"Go is awesome" video-result-for:"Go is awesome" web-result-for:"Go is awesome"], 62 ms
Go results, V4, [image-result-for:"Go is awesome" video-result-for:"Go is awesome" web-result-for:"Go is awesome"], 79 ms
Go results, V4, [image-result-for:"Go is awesome" video-result-for:"Go is awesome" web-result-for:"Go is awesome"], 63 ms
Go results, V4, [image-result-for:"Go is awesome" web-result-for:"Go is awesome" video-result-for:"Go is awesome"], 16 ms
Go results, V4, [web-result-for:"Go is awesome" video-result-for:"Go is awesome" image-result-for:"Go is awesome"], 31 ms
Go results, V4, [video-result-for:"Go is awesome" web-result-for:"Go is awesome" image-result-for:"Go is awesome"], 0 ms
Java results, V1, [web-result-for:"Java is great" image-result-for:"Java is great" video-result-for:"Java is great"], 82 ms
Java results, V1, [web-result-for:"Java is great" image-result-for:"Java is great" video-result-for:"Java is great"], 149 ms
Java results, V1, [web-result-for:"Java is great" image-result-for:"Java is great" video-result-for:"Java is great"], 238 ms
Java results, V1, [web-result-for:"Java is great" image-result-for:"Java is great" video-result-for:"Java is great"], 107 ms
Java results, V1, [web-result-for:"Java is great" image-result-for:"Java is great" video-result-for:"Java is great"], 130 ms
Java results, V1, [web-result-for:"Java is great" image-result-for:"Java is great" video-result-for:"Java is great"], 189 ms
Java results, V1, [web-result-for:"Java is great" image-result-for:"Java is great" video-result-for:"Java is great"], 176 ms
Java results, V1, [web-result-for:"Java is great" image-result-for:"Java is great" video-result-for:"Java is great"], 106 ms
Java results, V1, [web-result-for:"Java is great" image-result-for:"Java is great" video-result-for:"Java is great"], 92 ms
Java results, V1, [web-result-for:"Java is great" image-result-for:"Java is great" video-result-for:"Java is great"], 98 ms
Java results, V1, [web-result-for:"Java is great" image-result-for:"Java is great" video-result-for:"Java is great"], 141 ms
Java results, V1, [web-result-for:"Java is great" image-result-for:"Java is great" video-result-for:"Java is great"], 173 ms
Java results, V1, [web-result-for:"Java is great" image-result-for:"Java is great" video-result-for:"Java is great"], 90 ms
Java results, V1, [web-result-for:"Java is great" image-result-for:"Java is great" video-result-for:"Java is great"], 125 ms
Java results, V1, [web-result-for:"Java is great" image-result-for:"Java is great" video-result-for:"Java is great"], 95 ms
Java results, V1, [web-result-for:"Java is great" image-result-for:"Java is great" video-result-for:"Java is great"], 122 ms
Java results, V1, [web-result-for:"Java is great" image-result-for:"Java is great" video-result-for:"Java is great"], 149 ms
Java results, V1, [web-result-for:"Java is great" image-result-for:"Java is great" video-result-for:"Java is great"], 167 ms
Java results, V1, [web-result-for:"Java is great" image-result-for:"Java is great" video-result-for:"Java is great"], 79 ms
Java results, V1, [web-result-for:"Java is great" image-result-for:"Java is great" video-result-for:"Java is great"], 134 ms
Java results, V1, [web-result-for:"Java is great" image-result-for:"Java is great" video-result-for:"Java is great"], 162 ms
Java results, V1, [web-result-for:"Java is great" image-result-for:"Java is great" video-result-for:"Java is great"], 180 ms
Java results, V1, [web-result-for:"Java is great" image-result-for:"Java is great" video-result-for:"Java is great"], 122 ms
Java results, V1, [web-result-for:"Java is great" image-result-for:"Java is great" video-result-for:"Java is great"], 128 ms
Java results, V1, [web-result-for:"Java is great" image-result-for:"Java is great" video-result-for:"Java is great"], 108 ms
Java results, V1, [web-result-for:"Java is great" image-result-for:"Java is great" video-result-for:"Java is great"], 211 ms
Java results, V1, [web-result-for:"Java is great" image-result-for:"Java is great" video-result-for:"Java is great"], 101 ms
Java results, V1, [web-result-for:"Java is great" image-result-for:"Java is great" video-result-for:"Java is great"], 100 ms
Java results, V1, [web-result-for:"Java is great" image-result-for:"Java is great" video-result-for:"Java is great"], 214 ms
Java results, V1, [web-result-for:"Java is great" image-result-for:"Java is great" video-result-for:"Java is great"], 120 ms
Java results, V1, [web-result-for:"Java is great" image-result-for:"Java is great" video-result-for:"Java is great"], 179 ms
Java results, V1, [web-result-for:"Java is great" image-result-for:"Java is great" video-result-for:"Java is great"], 197 ms
Java results, V1, [web-result-for:"Java is great" image-result-for:"Java is great" video-result-for:"Java is great"], 133 ms
Java results, V1, [web-result-for:"Java is great" image-result-for:"Java is great" video-result-for:"Java is great"], 33 ms
Java results, V1, [web-result-for:"Java is great" image-result-for:"Java is great" video-result-for:"Java is great"], 121 ms
Java results, V1, [web-result-for:"Java is great" image-result-for:"Java is great" video-result-for:"Java is great"], 172 ms
Java results, V1, [web-result-for:"Java is great" image-result-for:"Java is great" video-result-for:"Java is great"], 127 ms
Java results, V1, [web-result-for:"Java is great" image-result-for:"Java is great" video-result-for:"Java is great"], 105 ms
Java results, V1, [web-result-for:"Java is great" image-result-for:"Java is great" video-result-for:"Java is great"], 153 ms
Java results, V1, [web-result-for:"Java is great" image-result-for:"Java is great" video-result-for:"Java is great"], 102 ms
Java results, V1, [web-result-for:"Java is great" image-result-for:"Java is great" video-result-for:"Java is great"], 96 ms
Java results, V1, [web-result-for:"Java is great" image-result-for:"Java is great" video-result-for:"Java is great"], 150 ms
Java results, V1, [web-result-for:"Java is great" image-result-for:"Java is great" video-result-for:"Java is great"], 60 ms
Java results, V1, [web-result-for:"Java is great" image-result-for:"Java is great" video-result-for:"Java is great"], 206 ms
Java results, V1, [web-result-for:"Java is great" image-result-for:"Java is great" video-result-for:"Java is great"], 222 ms
Java results, V1, [web-result-for:"Java is great" image-result-for:"Java is great" video-result-for:"Java is great"], 250 ms
Java results, V1, [web-result-for:"Java is great" image-result-for:"Java is great" video-result-for:"Java is great"], 124 ms
Java results, V1, [web-result-for:"Java is great" image-result-for:"Java is great" video-result-for:"Java is great"], 89 ms
Java results, V1, [web-result-for:"Java is great" image-result-for:"Java is great" video-result-for:"Java is great"], 147 ms
Java results, V1, [web-result-for:"Java is great" image-result-for:"Java is great" video-result-for:"Java is great"], 99 ms
Java results, V1, [web-result-for:"Java is great" image-result-for:"Java is great" video-result-for:"Java is great"], 222 ms
Java results, V1, [web-result-for:"Java is great" image-result-for:"Java is great" video-result-for:"Java is great"], 102 ms
Java results, V1, [web-result-for:"Java is great" image-result-for:"Java is great" video-result-for:"Java is great"], 182 ms
Java results, V1, [web-result-for:"Java is great" image-result-for:"Java is great" video-result-for:"Java is great"], 232 ms
Java results, V1, [web-result-for:"Java is great" image-result-for:"Java is great" video-result-for:"Java is great"], 60 ms
Java results, V1, [web-result-for:"Java is great" image-result-for:"Java is great" video-result-for:"Java is great"], 181 ms
Java results, V1, [web-result-for:"Java is great" image-result-for:"Java is great" video-result-for:"Java is great"], 158 ms
Java results, V1, [web-result-for:"Java is great" image-result-for:"Java is great" video-result-for:"Java is great"], 135 ms
Java results, V1, [web-result-for:"Java is great" image-result-for:"Java is great" video-result-for:"Java is great"], 133 ms
Java results, V1, [web-result-for:"Java is great" image-result-for:"Java is great" video-result-for:"Java is great"], 183 ms
Java results, V1, [web-result-for:"Java is great" image-result-for:"Java is great" video-result-for:"Java is great"], 109 ms
Java results, V1, [web-result-for:"Java is great" image-result-for:"Java is great" video-result-for:"Java is great"], 179 ms
Java results, V1, [web-result-for:"Java is great" image-result-for:"Java is great" video-result-for:"Java is great"], 208 ms
Java results, V1, [web-result-for:"Java is great" image-result-for:"Java is great" video-result-for:"Java is great"], 185 ms
Java results, V1, [web-result-for:"Java is great" image-result-for:"Java is great" video-result-for:"Java is great"], 90 ms
Java results, V1, [web-result-for:"Java is great" image-result-for:"Java is great" video-result-for:"Java is great"], 191 ms
Java results, V1, [web-result-for:"Java is great" image-result-for:"Java is great" video-result-for:"Java is great"], 214 ms
Java results, V1, [web-result-for:"Java is great" image-result-for:"Java is great" video-result-for:"Java is great"], 232 ms
Java results, V1, [web-result-for:"Java is great" image-result-for:"Java is great" video-result-for:"Java is great"], 52 ms
Java results, V1, [web-result-for:"Java is great" image-result-for:"Java is great" video-result-for:"Java is great"], 126 ms
Java results, V1, [web-result-for:"Java is great" image-result-for:"Java is great" video-result-for:"Java is great"], 178 ms
Java results, V1, [web-result-for:"Java is great" image-result-for:"Java is great" video-result-for:"Java is great"], 177 ms
Java results, V1, [web-result-for:"Java is great" image-result-for:"Java is great" video-result-for:"Java is great"], 226 ms
Java results, V1, [web-result-for:"Java is great" image-result-for:"Java is great" video-result-for:"Java is great"], 106 ms
Java results, V1, [web-result-for:"Java is great" image-result-for:"Java is great" video-result-for:"Java is great"], 183 ms
Java results, V1, [web-result-for:"Java is great" image-result-for:"Java is great" video-result-for:"Java is great"], 108 ms
Java results, V1, [web-result-for:"Java is great" image-result-for:"Java is great" video-result-for:"Java is great"], 112 ms
Java results, V1, [web-result-for:"Java is great" image-result-for:"Java is great" video-result-for:"Java is great"], 217 ms
Java results, V1, [web-result-for:"Java is great" image-result-for:"Java is great" video-result-for:"Java is great"], 222 ms
Java results, V1, [web-result-for:"Java is great" image-result-for:"Java is great" video-result-for:"Java is great"], 243 ms
Java results, V1, [web-result-for:"Java is great" image-result-for:"Java is great" video-result-for:"Java is great"], 87 ms
Java results, V1, [web-result-for:"Java is great" image-result-for:"Java is great" video-result-for:"Java is great"], 100 ms
Java results, V1, [web-result-for:"Java is great" image-result-for:"Java is great" video-result-for:"Java is great"], 184 ms
Java results, V1, [web-result-for:"Java is great" image-result-for:"Java is great" video-result-for:"Java is great"], 224 ms
Java results, V1, [web-result-for:"Java is great" image-result-for:"Java is great" video-result-for:"Java is great"], 139 ms
Java results, V1, [web-result-for:"Java is great" image-result-for:"Java is great" video-result-for:"Java is great"], 195 ms
Java results, V1, [web-result-for:"Java is great" image-result-for:"Java is great" video-result-for:"Java is great"], 124 ms
Java results, V1, [web-result-for:"Java is great" image-result-for:"Java is great" video-result-for:"Java is great"], 119 ms
Java results, V1, [web-result-for:"Java is great" image-result-for:"Java is great" video-result-for:"Java is great"], 183 ms
Java results, V1, [web-result-for:"Java is great" image-result-for:"Java is great" video-result-for:"Java is great"], 138 ms
Java results, V1, [web-result-for:"Java is great" image-result-for:"Java is great" video-result-for:"Java is great"], 189 ms
Java results, V1, [web-result-for:"Java is great" image-result-for:"Java is great" video-result-for:"Java is great"], 140 ms
Java results, V1, [web-result-for:"Java is great" image-result-for:"Java is great" video-result-for:"Java is great"], 206 ms
Java results, V1, [web-result-for:"Java is great" image-result-for:"Java is great" video-result-for:"Java is great"], 132 ms
Java results, V1, [web-result-for:"Java is great" image-result-for:"Java is great" video-result-for:"Java is great"], 115 ms
Java results, V1, [web-result-for:"Java is great" image-result-for:"Java is great" video-result-for:"Java is great"], 209 ms
Java results, V1, [web-result-for:"Java is great" image-result-for:"Java is great" video-result-for:"Java is great"], 185 ms
Java results, V1, [web-result-for:"Java is great" image-result-for:"Java is great" video-result-for:"Java is great"], 256 ms
Java results, V1, [web-result-for:"Java is great" image-result-for:"Java is great" video-result-for:"Java is great"], 190 ms
Java results, V1, [web-result-for:"Java is great" image-result-for:"Java is great" video-result-for:"Java is great"], 190 ms
Java results, V2, [web-result-for:"Java is great" image-result-for:"Java is great" video-result-for:"Java is great"], 81 ms
Java results, V2, [web-result-for:"Java is great" image-result-for:"Java is great" video-result-for:"Java is great"], 92 ms
Java results, V2, [web-result-for:"Java is great" image-result-for:"Java is great" video-result-for:"Java is great"], 68 ms
Java results, V2, [web-result-for:"Java is great" image-result-for:"Java is great" video-result-for:"Java is great"], 103 ms
Java results, V2, [web-result-for:"Java is great" image-result-for:"Java is great" video-result-for:"Java is great"], 96 ms
Java results, V2, [web-result-for:"Java is great" image-result-for:"Java is great" video-result-for:"Java is great"], 88 ms
Java results, V2, [web-result-for:"Java is great" image-result-for:"Java is great" video-result-for:"Java is great"], 99 ms
Java results, V2, [web-result-for:"Java is great" image-result-for:"Java is great" video-result-for:"Java is great"], 40 ms
Java results, V2, [web-result-for:"Java is great" image-result-for:"Java is great" video-result-for:"Java is great"], 65 ms
Java results, V2, [web-result-for:"Java is great" image-result-for:"Java is great" video-result-for:"Java is great"], 70 ms
Java results, V2, [web-result-for:"Java is great" image-result-for:"Java is great" video-result-for:"Java is great"], 95 ms
Java results, V2, [web-result-for:"Java is great" image-result-for:"Java is great" video-result-for:"Java is great"], 93 ms
Java results, V2, [web-result-for:"Java is great" image-result-for:"Java is great" video-result-for:"Java is great"], 48 ms
Java results, V2, [web-result-for:"Java is great" image-result-for:"Java is great" video-result-for:"Java is great"], 88 ms
Java results, V2, [web-result-for:"Java is great" image-result-for:"Java is great" video-result-for:"Java is great"], 83 ms
Java results, V2, [web-result-for:"Java is great" image-result-for:"Java is great" video-result-for:"Java is great"], 100 ms
Java results, V2, [web-result-for:"Java is great" image-result-for:"Java is great" video-result-for:"Java is great"], 74 ms
Java results, V2, [web-result-for:"Java is great" image-result-for:"Java is great" video-result-for:"Java is great"], 95 ms
Java results, V2, [web-result-for:"Java is great" image-result-for:"Java is great" video-result-for:"Java is great"], 76 ms
Java results, V2, [web-result-for:"Java is great" image-result-for:"Java is great" video-result-for:"Java is great"], 35 ms
Java results, V2, [web-result-for:"Java is great" image-result-for:"Java is great" video-result-for:"Java is great"], 101 ms
Java results, V2, [web-result-for:"Java is great" image-result-for:"Java is great" video-result-for:"Java is great"], 95 ms
Java results, V2, [web-result-for:"Java is great" image-result-for:"Java is great" video-result-for:"Java is great"], 87 ms
Java results, V2, [web-result-for:"Java is great" image-result-for:"Java is great" video-result-for:"Java is great"], 84 ms
Java results, V2, [web-result-for:"Java is great" image-result-for:"Java is great" video-result-for:"Java is great"], 96 ms
Java results, V2, [web-result-for:"Java is great" image-result-for:"Java is great" video-result-for:"Java is great"], 96 ms
Java results, V2, [web-result-for:"Java is great" image-result-for:"Java is great" video-result-for:"Java is great"], 79 ms
Java results, V2, [web-result-for:"Java is great" image-result-for:"Java is great" video-result-for:"Java is great"], 77 ms
Java results, V2, [web-result-for:"Java is great" image-result-for:"Java is great" video-result-for:"Java is great"], 75 ms
Java results, V2, [web-result-for:"Java is great" image-result-for:"Java is great" video-result-for:"Java is great"], 29 ms
Java results, V2, [web-result-for:"Java is great" image-result-for:"Java is great" video-result-for:"Java is great"], 96 ms
Java results, V2, [web-result-for:"Java is great" image-result-for:"Java is great" video-result-for:"Java is great"], 65 ms
Java results, V2, [web-result-for:"Java is great" image-result-for:"Java is great" video-result-for:"Java is great"], 46 ms
Java results, V2, [web-result-for:"Java is great" image-result-for:"Java is great" video-result-for:"Java is great"], 57 ms
Java results, V2, [web-result-for:"Java is great" image-result-for:"Java is great" video-result-for:"Java is great"], 81 ms
Java results, V2, [web-result-for:"Java is great" image-result-for:"Java is great" video-result-for:"Java is great"], 85 ms
Java results, V2, [web-result-for:"Java is great" image-result-for:"Java is great" video-result-for:"Java is great"], 71 ms
Java results, V2, [web-result-for:"Java is great" image-result-for:"Java is great" video-result-for:"Java is great"], 89 ms
Java results, V2, [web-result-for:"Java is great" image-result-for:"Java is great" video-result-for:"Java is great"], 60 ms
Java results, V2, [web-result-for:"Java is great" image-result-for:"Java is great" video-result-for:"Java is great"], 91 ms
Java results, V2, [web-result-for:"Java is great" image-result-for:"Java is great" video-result-for:"Java is great"], 45 ms
Java results, V2, [web-result-for:"Java is great" image-result-for:"Java is great" video-result-for:"Java is great"], 97 ms
Java results, V2, [web-result-for:"Java is great" image-result-for:"Java is great" video-result-for:"Java is great"], 52 ms
Java results, V2, [web-result-for:"Java is great" image-result-for:"Java is great" video-result-for:"Java is great"], 94 ms
Java results, V2, [web-result-for:"Java is great" image-result-for:"Java is great" video-result-for:"Java is great"], 98 ms
Java results, V2, [web-result-for:"Java is great" image-result-for:"Java is great" video-result-for:"Java is great"], 87 ms
Java results, V2, [web-result-for:"Java is great" image-result-for:"Java is great" video-result-for:"Java is great"], 99 ms
Java results, V2, [web-result-for:"Java is great" image-result-for:"Java is great" video-result-for:"Java is great"], 99 ms
Java results, V2, [web-result-for:"Java is great" image-result-for:"Java is great" video-result-for:"Java is great"], 72 ms
Java results, V2, [web-result-for:"Java is great" image-result-for:"Java is great" video-result-for:"Java is great"], 88 ms
Java results, V2, [web-result-for:"Java is great" image-result-for:"Java is great" video-result-for:"Java is great"], 89 ms
Java results, V2, [web-result-for:"Java is great" image-result-for:"Java is great" video-result-for:"Java is great"], 57 ms
Java results, V2, [web-result-for:"Java is great" image-result-for:"Java is great" video-result-for:"Java is great"], 85 ms
Java results, V2, [web-result-for:"Java is great" image-result-for:"Java is great" video-result-for:"Java is great"], 42 ms
Java results, V2, [web-result-for:"Java is great" image-result-for:"Java is great" video-result-for:"Java is great"], 88 ms
Java results, V2, [web-result-for:"Java is great" image-result-for:"Java is great" video-result-for:"Java is great"], 98 ms
Java results, V2, [web-result-for:"Java is great" image-result-for:"Java is great" video-result-for:"Java is great"], 97 ms
Java results, V2, [web-result-for:"Java is great" image-result-for:"Java is great" video-result-for:"Java is great"], 85 ms
Java results, V2, [web-result-for:"Java is great" image-result-for:"Java is great" video-result-for:"Java is great"], 104 ms
Java results, V2, [web-result-for:"Java is great" image-result-for:"Java is great" video-result-for:"Java is great"], 83 ms
Java results, V2, [web-result-for:"Java is great" image-result-for:"Java is great" video-result-for:"Java is great"], 99 ms
Java results, V2, [web-result-for:"Java is great" image-result-for:"Java is great" video-result-for:"Java is great"], 58 ms
Java results, V2, [web-result-for:"Java is great" image-result-for:"Java is great" video-result-for:"Java is great"], 48 ms
Java results, V2, [web-result-for:"Java is great" image-result-for:"Java is great" video-result-for:"Java is great"], 44 ms
Java results, V2, [web-result-for:"Java is great" image-result-for:"Java is great" video-result-for:"Java is great"], 49 ms
Java results, V2, [web-result-for:"Java is great" image-result-for:"Java is great" video-result-for:"Java is great"], 98 ms
Java results, V2, [web-result-for:"Java is great" image-result-for:"Java is great" video-result-for:"Java is great"], 97 ms
Java results, V2, [web-result-for:"Java is great" image-result-for:"Java is great" video-result-for:"Java is great"], 89 ms
Java results, V2, [web-result-for:"Java is great" image-result-for:"Java is great" video-result-for:"Java is great"], 77 ms
Java results, V2, [web-result-for:"Java is great" image-result-for:"Java is great" video-result-for:"Java is great"], 83 ms
Java results, V2, [web-result-for:"Java is great" image-result-for:"Java is great" video-result-for:"Java is great"], 78 ms
Java results, V2, [web-result-for:"Java is great" image-result-for:"Java is great" video-result-for:"Java is great"], 58 ms
Java results, V2, [web-result-for:"Java is great" image-result-for:"Java is great" video-result-for:"Java is great"], 40 ms
Java results, V2, [web-result-for:"Java is great" image-result-for:"Java is great" video-result-for:"Java is great"], 55 ms
Java results, V2, [web-result-for:"Java is great" image-result-for:"Java is great" video-result-for:"Java is great"], 67 ms
Java results, V2, [web-result-for:"Java is great" image-result-for:"Java is great" video-result-for:"Java is great"], 77 ms
Java results, V2, [web-result-for:"Java is great" image-result-for:"Java is great" video-result-for:"Java is great"], 74 ms
Java results, V2, [web-result-for:"Java is great" image-result-for:"Java is great" video-result-for:"Java is great"], 91 ms
Java results, V2, [web-result-for:"Java is great" image-result-for:"Java is great" video-result-for:"Java is great"], 100 ms
Java results, V2, [web-result-for:"Java is great" image-result-for:"Java is great" video-result-for:"Java is great"], 84 ms
Java results, V2, [web-result-for:"Java is great" image-result-for:"Java is great" video-result-for:"Java is great"], 98 ms
Java results, V2, [web-result-for:"Java is great" image-result-for:"Java is great" video-result-for:"Java is great"], 53 ms
Java results, V2, [web-result-for:"Java is great" image-result-for:"Java is great" video-result-for:"Java is great"], 96 ms
Java results, V2, [web-result-for:"Java is great" image-result-for:"Java is great" video-result-for:"Java is great"], 89 ms
Java results, V2, [web-result-for:"Java is great" image-result-for:"Java is great" video-result-for:"Java is great"], 91 ms
Java results, V2, [web-result-for:"Java is great" image-result-for:"Java is great" video-result-for:"Java is great"], 78 ms
Java results, V2, [web-result-for:"Java is great" image-result-for:"Java is great" video-result-for:"Java is great"], 49 ms
Java results, V2, [web-result-for:"Java is great" image-result-for:"Java is great" video-result-for:"Java is great"], 91 ms
Java results, V2, [web-result-for:"Java is great" image-result-for:"Java is great" video-result-for:"Java is great"], 96 ms
Java results, V2, [web-result-for:"Java is great" image-result-for:"Java is great" video-result-for:"Java is great"], 97 ms
Java results, V2, [web-result-for:"Java is great" image-result-for:"Java is great" video-result-for:"Java is great"], 100 ms
Java results, V2, [web-result-for:"Java is great" image-result-for:"Java is great" video-result-for:"Java is great"], 99 ms
Java results, V2, [web-result-for:"Java is great" image-result-for:"Java is great" video-result-for:"Java is great"], 95 ms
Java results, V2, [web-result-for:"Java is great" image-result-for:"Java is great" video-result-for:"Java is great"], 60 ms
Java results, V2, [web-result-for:"Java is great" image-result-for:"Java is great" video-result-for:"Java is great"], 80 ms
Java results, V2, [web-result-for:"Java is great" image-result-for:"Java is great" video-result-for:"Java is great"], 55 ms
Java results, V2, [web-result-for:"Java is great" image-result-for:"Java is great" video-result-for:"Java is great"], 99 ms
Java results, V2, [web-result-for:"Java is great" image-result-for:"Java is great" video-result-for:"Java is great"], 97 ms
Java results, V2, [web-result-for:"Java is great" image-result-for:"Java is great" video-result-for:"Java is great"], 97 ms
Java results, V2, [web-result-for:"Java is great" image-result-for:"Java is great" video-result-for:"Java is great"], 83 ms
Java results, V3, [web-result-for:"Java is great" image-result-for:"Java is great" video-result-for:"Java is great"], 62 ms
Java results, V3, [timed-out], 93 ms
Java results, V3, [web-result-for:"Java is great" image-result-for:"Java is great" video-result-for:"Java is great"], 54 ms
Java results, V3, [web-result-for:"Java is great" timed-out], 81 ms
Java results, V3, [web-result-for:"Java is great" image-result-for:"Java is great" video-result-for:"Java is great"], 64 ms
Java results, V3, [timed-out], 93 ms
Java results, V3, [web-result-for:"Java is great" timed-out], 82 ms
Java results, V3, [web-result-for:"Java is great" image-result-for:"Java is great" video-result-for:"Java is great"], 78 ms
Java results, V3, [web-result-for:"Java is great" image-result-for:"Java is great" video-result-for:"Java is great"], 68 ms
Java results, V3, [web-result-for:"Java is great" image-result-for:"Java is great" video-result-for:"Java is great"], 70 ms
Java results, V3, [timed-out], 89 ms
Java results, V3, [web-result-for:"Java is great" image-result-for:"Java is great" video-result-for:"Java is great"], 33 ms
Java results, V3, [web-result-for:"Java is great" image-result-for:"Java is great" video-result-for:"Java is great"], 34 ms
Java results, V3, [web-result-for:"Java is great" image-result-for:"Java is great" video-result-for:"Java is great"], 61 ms
Java results, V3, [web-result-for:"Java is great" image-result-for:"Java is great" video-result-for:"Java is great"], 79 ms
Java results, V3, [timed-out], 86 ms
Java results, V3, [web-result-for:"Java is great" image-result-for:"Java is great" video-result-for:"Java is great"], 67 ms
Java results, V3, [web-result-for:"Java is great" image-result-for:"Java is great" video-result-for:"Java is great"], 63 ms
Java results, V3, [web-result-for:"Java is great" timed-out], 81 ms
Java results, V3, [web-result-for:"Java is great" image-result-for:"Java is great" timed-out], 81 ms
Java results, V3, [web-result-for:"Java is great" image-result-for:"Java is great" video-result-for:"Java is great"], 77 ms
Java results, V3, [timed-out], 82 ms
Java results, V3, [web-result-for:"Java is great" image-result-for:"Java is great" video-result-for:"Java is great"], 73 ms
Java results, V3, [web-result-for:"Java is great" image-result-for:"Java is great" video-result-for:"Java is great"], 75 ms
Java results, V3, [web-result-for:"Java is great" timed-out], 81 ms
Java results, V3, [web-result-for:"Java is great" image-result-for:"Java is great" video-result-for:"Java is great"], 66 ms
Java results, V3, [web-result-for:"Java is great" image-result-for:"Java is great" video-result-for:"Java is great"], 66 ms
Java results, V3, [web-result-for:"Java is great" image-result-for:"Java is great" video-result-for:"Java is great"], 41 ms
Java results, V3, [web-result-for:"Java is great" timed-out], 82 ms
Java results, V3, [timed-out], 83 ms
Java results, V3, [web-result-for:"Java is great" image-result-for:"Java is great" timed-out], 81 ms
Java results, V3, [web-result-for:"Java is great" image-result-for:"Java is great" video-result-for:"Java is great"], 80 ms
Java results, V3, [web-result-for:"Java is great" image-result-for:"Java is great" timed-out], 88 ms
Java results, V3, [web-result-for:"Java is great" timed-out], 81 ms
Java results, V3, [web-result-for:"Java is great" image-result-for:"Java is great" timed-out], 92 ms
Java results, V3, [web-result-for:"Java is great" image-result-for:"Java is great" video-result-for:"Java is great"], 71 ms
Java results, V3, [web-result-for:"Java is great" image-result-for:"Java is great" video-result-for:"Java is great"], 54 ms
Java results, V3, [web-result-for:"Java is great" image-result-for:"Java is great" timed-out], 88 ms
Java results, V3, [web-result-for:"Java is great" image-result-for:"Java is great" video-result-for:"Java is great"], 41 ms
Java results, V3, [web-result-for:"Java is great" image-result-for:"Java is great" video-result-for:"Java is great"], 40 ms
Java results, V3, [web-result-for:"Java is great" image-result-for:"Java is great" video-result-for:"Java is great"], 24 ms
Java results, V3, [timed-out], 82 ms
Java results, V3, [web-result-for:"Java is great" image-result-for:"Java is great" timed-out], 82 ms
Java results, V3, [web-result-for:"Java is great" image-result-for:"Java is great" video-result-for:"Java is great"], 65 ms
Java results, V3, [web-result-for:"Java is great" image-result-for:"Java is great" video-result-for:"Java is great"], 88 ms
Java results, V3, [web-result-for:"Java is great" image-result-for:"Java is great" video-result-for:"Java is great"], 65 ms
Java results, V3, [web-result-for:"Java is great" image-result-for:"Java is great" video-result-for:"Java is great"], 77 ms
Java results, V3, [web-result-for:"Java is great" image-result-for:"Java is great" video-result-for:"Java is great"], 60 ms
Java results, V3, [web-result-for:"Java is great" image-result-for:"Java is great" video-result-for:"Java is great"], 34 ms
Java results, V3, [web-result-for:"Java is great" image-result-for:"Java is great" video-result-for:"Java is great"], 93 ms
Java results, V3, [web-result-for:"Java is great" image-result-for:"Java is great" video-result-for:"Java is great"], 83 ms
Java results, V3, [timed-out], 86 ms
Java results, V3, [web-result-for:"Java is great" timed-out], 82 ms
Java results, V3, [web-result-for:"Java is great" image-result-for:"Java is great" timed-out], 81 ms
Java results, V3, [web-result-for:"Java is great" image-result-for:"Java is great" video-result-for:"Java is great"], 28 ms
Java results, V3, [web-result-for:"Java is great" timed-out], 81 ms
Java results, V3, [web-result-for:"Java is great" image-result-for:"Java is great" video-result-for:"Java is great"], 85 ms
Java results, V3, [web-result-for:"Java is great" image-result-for:"Java is great" video-result-for:"Java is great"], 18 ms
Java results, V3, [web-result-for:"Java is great" image-result-for:"Java is great" video-result-for:"Java is great"], 93 ms
Java results, V3, [web-result-for:"Java is great" image-result-for:"Java is great" video-result-for:"Java is great"], 68 ms
Java results, V3, [web-result-for:"Java is great" image-result-for:"Java is great" video-result-for:"Java is great"], 74 ms
Java results, V3, [web-result-for:"Java is great" image-result-for:"Java is great" video-result-for:"Java is great"], 77 ms
Java results, V3, [web-result-for:"Java is great" image-result-for:"Java is great" timed-out], 81 ms
Java results, V3, [web-result-for:"Java is great" image-result-for:"Java is great" video-result-for:"Java is great"], 53 ms
Java results, V3, [timed-out], 85 ms
Java results, V3, [web-result-for:"Java is great" image-result-for:"Java is great" video-result-for:"Java is great"], 72 ms
Java results, V3, [web-result-for:"Java is great" image-result-for:"Java is great" video-result-for:"Java is great"], 79 ms
Java results, V3, [web-result-for:"Java is great" image-result-for:"Java is great" video-result-for:"Java is great"], 53 ms
Java results, V3, [web-result-for:"Java is great" image-result-for:"Java is great" video-result-for:"Java is great"], 64 ms
Java results, V3, [web-result-for:"Java is great" image-result-for:"Java is great" video-result-for:"Java is great"], 70 ms
Java results, V3, [web-result-for:"Java is great" image-result-for:"Java is great" video-result-for:"Java is great"], 41 ms
Java results, V3, [web-result-for:"Java is great" image-result-for:"Java is great" video-result-for:"Java is great"], 45 ms
Java results, V3, [timed-out], 81 ms
Java results, V3, [timed-out], 93 ms
Java results, V3, [web-result-for:"Java is great" image-result-for:"Java is great" video-result-for:"Java is great"], 74 ms
Java results, V3, [timed-out], 81 ms
Java results, V3, [web-result-for:"Java is great" image-result-for:"Java is great" timed-out], 94 ms
Java results, V3, [web-result-for:"Java is great" image-result-for:"Java is great" video-result-for:"Java is great"], 81 ms
Java results, V3, [web-result-for:"Java is great" image-result-for:"Java is great" video-result-for:"Java is great"], 70 ms
Java results, V3, [web-result-for:"Java is great" image-result-for:"Java is great" video-result-for:"Java is great"], 64 ms
Java results, V3, [timed-out], 86 ms
Java results, V3, [web-result-for:"Java is great" image-result-for:"Java is great" video-result-for:"Java is great"], 76 ms
Java results, V3, [timed-out], 82 ms
Java results, V3, [web-result-for:"Java is great" image-result-for:"Java is great" timed-out], 81 ms
Java results, V3, [web-result-for:"Java is great" timed-out], 81 ms
Java results, V3, [web-result-for:"Java is great" timed-out], 82 ms
Java results, V3, [web-result-for:"Java is great" image-result-for:"Java is great" timed-out], 81 ms
Java results, V3, [web-result-for:"Java is great" image-result-for:"Java is great" video-result-for:"Java is great"], 69 ms
Java results, V3, [web-result-for:"Java is great" image-result-for:"Java is great" video-result-for:"Java is great"], 61 ms
Java results, V3, [web-result-for:"Java is great" image-result-for:"Java is great" video-result-for:"Java is great"], 83 ms
Java results, V3, [web-result-for:"Java is great" timed-out], 81 ms
Java results, V3, [web-result-for:"Java is great" image-result-for:"Java is great" video-result-for:"Java is great"], 79 ms
Java results, V3, [web-result-for:"Java is great" image-result-for:"Java is great" video-result-for:"Java is great"], 65 ms
Java results, V3, [timed-out], 86 ms
Java results, V3, [web-result-for:"Java is great" image-result-for:"Java is great" video-result-for:"Java is great"], 29 ms
Java results, V3, [web-result-for:"Java is great" timed-out], 81 ms
Java results, V3, [web-result-for:"Java is great" image-result-for:"Java is great" video-result-for:"Java is great"], 67 ms
Java results, V3, [web-result-for:"Java is great" image-result-for:"Java is great" video-result-for:"Java is great"], 69 ms
Java results, V3, [web-result-for:"Java is great" timed-out], 81 ms
Java results, V3, [web-result-for:"Java is great" image-result-for:"Java is great" video-result-for:"Java is great"], 82 ms
Java results, V4, [web-result-for:"Java is great" image-result-for:"Java is great" video-result-for:"Java is great"], 57 ms
Java results, V4, [web-result-for:"Java is great" image-result-for:"Java is great" video-result-for:"Java is great"], 52 ms
Java results, V4, [web-result-for:"Java is great" image-result-for:"Java is great" video-result-for:"Java is great"], 34 ms
Java results, V4, [web-result-for:"Java is great" image-result-for:"Java is great" video-result-for:"Java is great"], 63 ms
Java results, V4, [web-result-for:"Java is great" image-result-for:"Java is great" video-result-for:"Java is great"], 38 ms
Java results, V4, [web-result-for:"Java is great" image-result-for:"Java is great" video-result-for:"Java is great"], 70 ms
Java results, V4, [web-result-for:"Java is great" image-result-for:"Java is great" video-result-for:"Java is great"], 96 ms
Java results, V4, [web-result-for:"Java is great" image-result-for:"Java is great" video-result-for:"Java is great"], 23 ms
Java results, V4, [web-result-for:"Java is great" image-result-for:"Java is great" video-result-for:"Java is great"], 45 ms
Java results, V4, [web-result-for:"Java is great" image-result-for:"Java is great" video-result-for:"Java is great"], 40 ms
Java results, V4, [web-result-for:"Java is great" image-result-for:"Java is great" video-result-for:"Java is great"], 39 ms
Java results, V4, [web-result-for:"Java is great" image-result-for:"Java is great" video-result-for:"Java is great"], 79 ms
Java results, V4, [web-result-for:"Java is great" image-result-for:"Java is great" video-result-for:"Java is great"], 82 ms
Java results, V4, [web-result-for:"Java is great" image-result-for:"Java is great" video-result-for:"Java is great"], 68 ms
Java results, V4, [web-result-for:"Java is great" image-result-for:"Java is great" video-result-for:"Java is great"], 33 ms
Java results, V4, [web-result-for:"Java is great" image-result-for:"Java is great" video-result-for:"Java is great"], 93 ms
Java results, V4, [web-result-for:"Java is great" image-result-for:"Java is great" video-result-for:"Java is great"], 85 ms
Java results, V4, [web-result-for:"Java is great" image-result-for:"Java is great" video-result-for:"Java is great"], 59 ms
Java results, V4, [web-result-for:"Java is great" image-result-for:"Java is great" video-result-for:"Java is great"], 82 ms
Java results, V4, [web-result-for:"Java is great" image-result-for:"Java is great" video-result-for:"Java is great"], 85 ms
Java results, V4, [web-result-for:"Java is great" image-result-for:"Java is great" video-result-for:"Java is great"], 42 ms
Java results, V4, [web-result-for:"Java is great" image-result-for:"Java is great" video-result-for:"Java is great"], 77 ms
Java results, V4, [web-result-for:"Java is great" image-result-for:"Java is great" video-result-for:"Java is great"], 35 ms
Java results, V4, [web-result-for:"Java is great" image-result-for:"Java is great" video-result-for:"Java is great"], 46 ms
Java results, V4, [web-result-for:"Java is great" image-result-for:"Java is great" video-result-for:"Java is great"], 49 ms
Java results, V4, [web-result-for:"Java is great" image-result-for:"Java is great" video-result-for:"Java is great"], 39 ms
Java results, V4, [web-result-for:"Java is great" image-result-for:"Java is great" video-result-for:"Java is great"], 54 ms
Java results, V4, [web-result-for:"Java is great" image-result-for:"Java is great" video-result-for:"Java is great"], 86 ms
Java results, V4, [web-result-for:"Java is great" image-result-for:"Java is great" video-result-for:"Java is great"], 51 ms
Java results, V4, [web-result-for:"Java is great" image-result-for:"Java is great" video-result-for:"Java is great"], 38 ms
Java results, V4, [web-result-for:"Java is great" image-result-for:"Java is great" video-result-for:"Java is great"], 66 ms
Java results, V4, [web-result-for:"Java is great" image-result-for:"Java is great" video-result-for:"Java is great"], 54 ms
Java results, V4, [web-result-for:"Java is great" image-result-for:"Java is great" video-result-for:"Java is great"], 75 ms
Java results, V4, [web-result-for:"Java is great" image-result-for:"Java is great" video-result-for:"Java is great"], 82 ms
Java results, V4, [web-result-for:"Java is great" image-result-for:"Java is great" video-result-for:"Java is great"], 58 ms
Java results, V4, [web-result-for:"Java is great" image-result-for:"Java is great" video-result-for:"Java is great"], 84 ms
Java results, V4, [web-result-for:"Java is great" image-result-for:"Java is great" video-result-for:"Java is great"], 61 ms
Java results, V4, [web-result-for:"Java is great" image-result-for:"Java is great" video-result-for:"Java is great"], 85 ms
Java results, V4, [web-result-for:"Java is great" image-result-for:"Java is great" video-result-for:"Java is great"], 39 ms
Java results, V4, [web-result-for:"Java is great" image-result-for:"Java is great" video-result-for:"Java is great"], 72 ms
Java results, V4, [web-result-for:"Java is great" image-result-for:"Java is great" video-result-for:"Java is great"], 73 ms
Java results, V4, [web-result-for:"Java is great" image-result-for:"Java is great" video-result-for:"Java is great"], 54 ms
Java results, V4, [web-result-for:"Java is great" image-result-for:"Java is great" video-result-for:"Java is great"], 51 ms
Java results, V4, [web-result-for:"Java is great" image-result-for:"Java is great" video-result-for:"Java is great"], 67 ms
Java results, V4, [web-result-for:"Java is great" image-result-for:"Java is great" video-result-for:"Java is great"], 81 ms
Java results, V4, [web-result-for:"Java is great" image-result-for:"Java is great" video-result-for:"Java is great"], 41 ms
Java results, V4, [web-result-for:"Java is great" image-result-for:"Java is great" video-result-for:"Java is great"], 49 ms
Java results, V4, [web-result-for:"Java is great" image-result-for:"Java is great" video-result-for:"Java is great"], 65 ms
Java results, V4, [web-result-for:"Java is great" image-result-for:"Java is great" video-result-for:"Java is great"], 66 ms
Java results, V4, [web-result-for:"Java is great" image-result-for:"Java is great" video-result-for:"Java is great"], 87 ms
Java results, V4, [web-result-for:"Java is great" image-result-for:"Java is great" video-result-for:"Java is great"], 62 ms
Java results, V4, [web-result-for:"Java is great" image-result-for:"Java is great" video-result-for:"Java is great"], 50 ms
Java results, V4, [web-result-for:"Java is great" image-result-for:"Java is great" video-result-for:"Java is great"], 45 ms
Java results, V4, [web-result-for:"Java is great" image-result-for:"Java is great" video-result-for:"Java is great"], 27 ms
Java results, V4, [web-result-for:"Java is great" image-result-for:"Java is great" video-result-for:"Java is great"], 56 ms
Java results, V4, [web-result-for:"Java is great" image-result-for:"Java is great" video-result-for:"Java is great"], 47 ms
Java results, V4, [web-result-for:"Java is great" image-result-for:"Java is great" video-result-for:"Java is great"], 62 ms
Java results, V4, [web-result-for:"Java is great" image-result-for:"Java is great" video-result-for:"Java is great"], 58 ms
Java results, V4, [web-result-for:"Java is great" image-result-for:"Java is great" video-result-for:"Java is great"], 69 ms
Java results, V4, [web-result-for:"Java is great" image-result-for:"Java is great" video-result-for:"Java is great"], 38 ms
Java results, V4, [web-result-for:"Java is great" image-result-for:"Java is great" video-result-for:"Java is great"], 85 ms
Java results, V4, [web-result-for:"Java is great" image-result-for:"Java is great" video-result-for:"Java is great"], 84 ms
Java results, V4, [web-result-for:"Java is great" image-result-for:"Java is great" video-result-for:"Java is great"], 31 ms
Java results, V4, [web-result-for:"Java is great" image-result-for:"Java is great" video-result-for:"Java is great"], 77 ms
Java results, V4, [web-result-for:"Java is great" image-result-for:"Java is great" video-result-for:"Java is great"], 44 ms
Java results, V4, [web-result-for:"Java is great" image-result-for:"Java is great" video-result-for:"Java is great"], 49 ms
Java results, V4, [web-result-for:"Java is great" image-result-for:"Java is great" video-result-for:"Java is great"], 64 ms
Java results, V4, [web-result-for:"Java is great" image-result-for:"Java is great" video-result-for:"Java is great"], 66 ms
Java results, V4, [web-result-for:"Java is great" image-result-for:"Java is great" video-result-for:"Java is great"], 10 ms
Java results, V4, [web-result-for:"Java is great" image-result-for:"Java is great" video-result-for:"Java is great"], 85 ms
Java results, V4, [web-result-for:"Java is great" image-result-for:"Java is great" video-result-for:"Java is great"], 73 ms
Java results, V4, [web-result-for:"Java is great" image-result-for:"Java is great" video-result-for:"Java is great"], 66 ms
Java results, V4, [web-result-for:"Java is great" image-result-for:"Java is great" video-result-for:"Java is great"], 72 ms
Java results, V4, [web-result-for:"Java is great" image-result-for:"Java is great" video-result-for:"Java is great"], 52 ms
Java results, V4, [web-result-for:"Java is great" image-result-for:"Java is great" video-result-for:"Java is great"], 80 ms
Java results, V4, [web-result-for:"Java is great" image-result-for:"Java is great" video-result-for:"Java is great"], 33 ms
Java results, V4, [web-result-for:"Java is great" image-result-for:"Java is great" video-result-for:"Java is great"], 81 ms
Java results, V4, [web-result-for:"Java is great" image-result-for:"Java is great" video-result-for:"Java is great"], 23 ms
Java results, V4, [web-result-for:"Java is great" image-result-for:"Java is great" video-result-for:"Java is great"], 21 ms
Java results, V4, [web-result-for:"Java is great" image-result-for:"Java is great" video-result-for:"Java is great"], 81 ms
Java results, V4, [web-result-for:"Java is great" image-result-for:"Java is great" video-result-for:"Java is great"], 51 ms
Java results, V4, [web-result-for:"Java is great" image-result-for:"Java is great" video-result-for:"Java is great"], 91 ms
Java results, V4, [web-result-for:"Java is great" image-result-for:"Java is great" video-result-for:"Java is great"], 63 ms
Java results, V4, [web-result-for:"Java is great" image-result-for:"Java is great" video-result-for:"Java is great"], 70 ms
Java results, V4, [web-result-for:"Java is great" image-result-for:"Java is great" video-result-for:"Java is great"], 29 ms
Java results, V4, [web-result-for:"Java is great" image-result-for:"Java is great" video-result-for:"Java is great"], 58 ms
Java results, V4, [web-result-for:"Java is great" image-result-for:"Java is great" video-result-for:"Java is great"], 94 ms
Java results, V4, [web-result-for:"Java is great" image-result-for:"Java is great" video-result-for:"Java is great"], 33 ms
Java results, V4, [web-result-for:"Java is great" image-result-for:"Java is great" video-result-for:"Java is great"], 65 ms
Java results, V4, [web-result-for:"Java is great" image-result-for:"Java is great" video-result-for:"Java is great"], 68 ms
Java results, V4, [web-result-for:"Java is great" image-result-for:"Java is great" video-result-for:"Java is great"], 37 ms
Java results, V4, [web-result-for:"Java is great" image-result-for:"Java is great" video-result-for:"Java is great"], 45 ms
Java results, V4, [web-result-for:"Java is great" image-result-for:"Java is great" video-result-for:"Java is great"], 81 ms
Java results, V4, [web-result-for:"Java is great" image-result-for:"Java is great" video-result-for:"Java is great"], 31 ms
Java results, V4, [web-result-for:"Java is great" image-result-for:"Java is great" video-result-for:"Java is great"], 44 ms
Java results, V4, [web-result-for:"Java is great" image-result-for:"Java is great" video-result-for:"Java is great"], 58 ms
Java results, V4, [web-result-for:"Java is great" image-result-for:"Java is great" video-result-for:"Java is great"], 96 ms
Java results, V4, [web-result-for:"Java is great" image-result-for:"Java is great" video-result-for:"Java is great"], 21 ms
Java results, V4, [web-result-for:"Java is great" image-result-for:"Java is great" video-result-for:"Java is great"], 58 ms
Java results, V4, [web-result-for:"Java is great" image-result-for:"Java is great" video-result-for:"Java is great"], 34 ms
